Country,Country_Code,Year,Exports_pct_GDP,FDI_net_inflows_pct_GDP,GDP_current_USD,GDP_growth_annual_pct,GDP_per_capita_current_USD,Imports_pct_GDP,Inflation_consumer_prices_annual_pct,Life_expectancy_years,Unemployment_total_pct,Brent_Oil_Price_USD_per_barrel
Bahrain,BHR,1990,101.627081964958,1.90778894252364,4809511005.31915,4.43799717642609,9342.53891401688,83.2017227159409,0.929335437489093,72.587,,23.0
Bahrain,BHR,1991,74.7571406146746,11.8008263719943,5248911170.21277,11.2299982766857,10434.1323962786,84.110655979006,0.764419735927609,72.668,1.047,20.0
Bahrain,BHR,1992,74.2108438818191,16.0788531376459,5402232446.80851,6.68999812735618,10460.1583222808,85.0810544537488,-0.172413793103312,72.785,0.968,18.0
Bahrain,BHR,1993,73.7646092157904,-4.65076878821328,5913001063.82979,12.8700067450998,11151.871495742,70.9984363701983,2.53886010362695,72.939,0.882,19.0
Bahrain,BHR,1994,71.4064825255772,3.28947938001025,6330627925.53191,-0.250001381199439,11629.3595219612,65.0669883718385,0.816910897759778,73.134,1.007,25.0
Bahrain,BHR,1995,72.1076564551807,6.473839057552,6651180851.06383,3.92999239295094,11900.9317778335,61.9790758639883,2.70403475064704,73.361,1.044,20.0
Bahrain,BHR,1996,77.3166979888113,29.5200728353759,6938166755.31915,4.11000631738246,12091.7802188235,67.0167525014943,-0.452227382530348,73.61,1.177,18.0
Bahrain,BHR,1997,69.5451087757575,4.56109666228573,7219407712.76596,3.09299923370425,12254.6662583128,61.1273402261258,2.43155133955926,73.872,1.125,25.0
Bahrain,BHR,1998,56.8165441788063,2.55221911292717,7031309042.55319,4.79000359326143,11625.0343768343,56.1848747785456,-0.366533864541774,74.138,1.114,27.0
Bahrain,BHR,1999,69.3608276441722,6.02696018271828,7528469148.93617,4.29999824426375,12123.3534715368,55.3749095101558,-1.2875879718491,74.405,1.112,30.0
Bahrain,BHR,2000,79.1806670285974,4.01154558234918,9062898936.17021,5.30006940305884,14214.4836839343,56.6284682992678,-0.70485295309079,74.673,1.081,35.0
Bahrain,BHR,2001,73.6107613220545,0.895243944446186,8976196808.51064,2.49094875338352,13573.2339887597,53.4155049554821,-1.20757180156659,74.942,1.118,50.0
Bahrain,BHR,2002,72.5085662959225,2.26180894388216,9593510638.29787,3.34855067103268,13501.4708801425,58.6250679204693,-0.495540138751154,75.209,1.137,55.0
Bahrain,BHR,2003,72.0630719982325,4.66554367760963,11074813829.7872,6.29644129075703,14486.0269029822,56.0285101569836,1.59362549800787,75.486,1.126,60.0
Bahrain,BHR,2004,78.6051459613386,6.58021002500264,13150159574.4681,6.98096175867695,15963.9493171617,62.1321640785849,2.35294117647062,75.787,1.064,65.0
Bahrain,BHR,2005,83.8940482059345,6.56659445840223,15968723404.2553,6.76899737789502,17966.1657837625,64.4194769029886,2.58620689655173,76.125,1.021,70.0
Bahrain,BHR,2006,84.6389442624741,15.7508650085886,18504760638.2979,6.4669995195042,19267.282615072,62.4652368065147,2.00746965452849,76.51,1.021,75.0
Bahrain,BHR,2007,79.6795292320647,8.08243218951671,21730000000.0,8.29396129093843,20908.4042548073,58.1055213402395,3.25666666666703,76.952,1.006,80.0
Bahrain,BHR,2008,82.5773483806233,6.97757782740497,25710904255.3191,6.24501094995797,23299.4992780392,63.3051627651981,3.52600316363721,77.457,1.015,85.0
Bahrain,BHR,2009,68.4655938651118,1.12105291032725,22938218085.1064,2.53988570158225,19465.3140745038,49.4981315443774,2.79551283550412,78.016,1.07,90.0
Bahrain,BHR,2010,66.7027150376276,0.581105356633959,26805984042.5532,4.3342989754845,21819.3291098099,48.8587714119882,1.96188468334623,78.593,1.13,95.0
Bahrain,BHR,2011,95.6363487649272,2.61026038592024,29914680851.0638,1.92815791170796,25032.7867743333,71.8932922709265,-0.40004069748808,79.141,1.21,100.0
Bahrain,BHR,2012,98.265636232926,4.83265436536461,31963404255.3191,3.80302899043062,26438.6733230428,80.5583845887584,2.75739669962979,79.622,1.2,105.0
Bahrain,BHR,2013,100.826651632348,11.0211306090707,33823324468.0851,5.29262224906203,26989.7601148469,83.7628572125021,3.30001156888442,79.998,1.184,80.0
Bahrain,BHR,2014,92.2255357196123,4.36728984042946,34772526595.7447,4.30885692657077,26451.7965647453,76.3503224222473,2.64755321246189,80.214,1.144,75.0
Bahrain,BHR,2015,79.3441035722346,0.199529633421541,32523297872.3404,2.50787205267615,23734.0551143019,68.5719566006692,1.84862742374977,80.338,1.164,70.0
Bahrain,BHR,2016,70.5882906981125,0.718174283238518,33884680851.0638,3.81499327422425,23800.001440631,62.2347072046616,2.78679347602044,80.407,1.19,65.0
Bahrain,BHR,2017,72.2538621389219,3.83300891199591,37204813829.7872,4.95383534123657,24784.7693514607,64.1753776714721,1.38671830576406,80.407,1.18,60.0
Bahrain,BHR,2018,75.7153726820796,4.18079308703845,39567978723.4043,2.05258864979861,26324.4066549559,68.3599998924555,2.08766938046978,80.412,1.188,55.0
Bahrain,BHR,2019,73.0944239873751,2.32837980010521,40446808510.6383,2.05287774418655,27259.7438599327,62.3231194108364,1.00582004702137,80.471,1.217,50.0
Bahrain,BHR,2020,70.4544358235096,2.84973228101032,35837632978.7234,-5.9113629524152,24342.8444554718,65.0065491894219,-2.31770629331379,78.683,1.765,45.0
Bahrain,BHR,2021,86.2742186726683,4.3566259787756,40840212765.9574,4.35004091668986,27147.8083882286,67.5250978124398,-0.60631938514085,78.083,1.548,70.0
Bahrain,BHR,2022,95.9613654006004,4.20018456310523,46458191489.3617,6.18016125475185,30470.5219276023,71.1798757519344,3.62574104304482,80.992,1.265,75.0
Bahrain,BHR,2023,87.351143952571,15.6428756083644,46192260638.2979,3.87811614845566,29290.1284215098,70.0967107297264,0.0746206782192256,81.284,1.049,80.0
Bahrain,BHR,2024,87.6749955249627,5.73694505846498,47109734308.5106,2.60379670648454,29653.5682731534,70.1434966226234,0.919635459817651,,1.084,85.0
Egypt,EGY,1990,20.3549060542798,1.70781419624217,42978914311.3504,5.66702915715818,735.982935028025,32.5678496868476,16.7563747077691,62.513,,23.0
Egypt,EGY,1991,27.4666666666667,0.676690666666667,37387836490.5284,1.12540459520747,622.829605007867,35.3777777777778,19.7485448195578,63.059,9.38,20.0
Egypt,EGY,1992,28.3968368080518,1.09661732566499,41855986519.4235,4.47285918408184,680.79923864551,30.9130122214234,13.6374241717218,63.585,8.92,18.0
Egypt,EGY,1993,25.8376288659794,1.05842525773196,46578631452.581,2.90079079959442,740.334217356418,30.090206185567,12.0897922868977,64.147,10.92,19.0
Egypt,EGY,1994,22.5714285714286,2.42013257142857,51897983392.6453,3.97317218034541,807.303537230487,28.0571428571429,8.15423128587096,64.663,10.93,25.0
Egypt,EGY,1995,22.5490196078431,0.994028431372549,60159245060.4541,4.64245877240639,916.326617700876,27.6960784313726,15.7422305021596,65.214,11.04,20.0
Egypt,EGY,1996,20.7497820401046,0.940414995640802,67629716981.1321,4.98873056512208,1008.97637629447,26.1987794245859,7.18710369719992,65.733,9.0,18.0
Egypt,EGY,1997,18.8416698006769,1.13537589319293,78436578171.0914,5.49235474302942,1146.20172117634,24.8965776607747,4.62560578826438,66.207,8.37,25.0
Egypt,EGY,1998,16.214335421016,1.26843702157272,84828807556.0803,5.575497460986,1212.82259820477,25.7132915796799,3.8725754642749,66.635,8.03,27.0
Egypt,EGY,1999,15.0520156046814,1.1743928153446,90710704806.8416,6.05343878467555,1268.30949160496,23.3094928478544,3.07949912638332,67.01,7.95,30.0
Egypt,EGY,2000,16.2011173184358,1.23699720670391,99838543960.0763,6.37000382991766,1366.09274372613,22.8168185827698,2.68380535348546,67.332,8.98,35.0
Egypt,EGY,2001,17.4797881237803,0.527384722609423,96684636118.5984,3.53525197391507,1295.1374184163,22.330638416504,2.26975720475956,67.612,9.26,50.0
Egypt,EGY,2002,18.3161784111903,0.759753233043019,85146067415.7303,2.39020402573726,1116.82884626213,22.6708894167326,2.73723855000334,67.846,10.01,55.0
Egypt,EGY,2003,21.7964071856287,0.295683832335329,80288461538.4615,3.19345473739745,1031.27556291284,24.3832335329341,4.50777636319304,68.045,10.91,60.0
Egypt,EGY,2004,28.2299608489594,1.59083618380383,78782467532.4675,4.0920716112534,991.255689145253,29.5899443643107,11.270619332052,68.211,10.32,65.0
Egypt,EGY,2005,30.3435468895079,5.99551598885794,89660339660.3397,4.47174447174434,1105.53920713903,32.6090993500464,4.86939696871988,68.355,11.049,70.0
Egypt,EGY,2006,29.9498138254816,9.34856726566294,107426086956.522,6.84383819379117,1298.97900203124,31.5687226809131,7.64452644526434,68.493,10.49,75.0
Egypt,EGY,2007,30.249731471536,8.87633606337272,130437828371.278,7.08782742681038,1547.74170735909,34.828141783029,9.3189690579923,68.627,8.8,80.0
Egypt,EGY,2008,33.0429927414852,5.8314126186488,162818181818.182,7.15628356605819,1896.21594269779,38.6376326074819,18.3168316831684,68.761,8.517,85.0
Egypt,EGY,2009,24.9568221070812,3.54835118019574,189147005444.646,4.67359979952391,2161.63964573927,31.596622529265,11.7634954386443,68.915,9.087,90.0
Egypt,EGY,2010,21.3492458146859,2.91601657550141,218983666061.706,5.1472348575531,2455.08194645282,26.5871042599039,11.2651882653185,69.078,8.757,95.0
Egypt,EGY,2011,20.5674276128656,-0.204542848807527,235989672977.625,1.7645719489982,2590.64384891965,24.6882065494858,10.0649259874818,69.232,11.849,100.0
Egypt,EGY,2012,16.3969666208873,1.00234071774049,279116666666.667,2.22619979863525,2996.0677072015,24.3148026512211,7.11172943343083,69.464,12.597,105.0
Egypt,EGY,2013,17.0178456245969,1.45343420769727,288434108527.132,2.18546605362143,3025.52563552448,23.3551924317351,9.46971981064921,69.632,13.154,80.0
Egypt,EGY,2014,14.2441314553991,1.50925042253521,305595408895.265,2.91591187985748,3133.39102265541,22.6760563380282,10.0702154687481,69.911,13.105,75.0
Egypt,EGY,2015,13.1838454928598,2.10258128401326,329366576819.407,4.37201907790141,3306.98159414141,21.6620974671631,10.370490343517,70.135,13.052,70.0
Egypt,EGY,2016,10.3454639403558,2.43856278142762,332441717791.411,4.34664345555447,3270.6287768197,19.9010851110947,13.813606214829,70.437,12.45,65.0
Egypt,EGY,2017,15.0140868185672,2.98301550917695,248362771739.13,4.18122099994778,2395.10333299491,27.8180475395935,29.5066083940039,70.709,11.767,60.0
Egypt,EGY,2018,17.984655608418,3.10040077579187,262588632526.73,5.3311086189448,2484.70315630508,27.9263640649779,14.4014657807422,70.974,9.855,55.0
Egypt,EGY,2019,16.6440314510365,2.82732944960686,318678815489.749,5.55209307156956,2962.98892023003,24.4799857040743,9.15279959324804,71.213,7.851,50.0
Egypt,EGY,2020,12.4727757370868,1.52462948997172,383817841547.099,3.55016483786838,3511.11381026379,19.6534798296655,5.04493288977539,69.79,7.974,45.0
Egypt,EGY,2021,10.5611502153652,1.20617861055665,424671765455.704,3.29064601202211,3827.35415374308,19.295823265447,5.21404940513043,68.976,7.441,70.0
Egypt,EGY,2022,15.0870258208479,2.39118080969079,476747720364.742,6.58784560886967,4233.30783744856,21.8960790564233,13.8956609775178,71.01,6.546,75.0
Egypt,EGY,2023,19.1060913405676,2.48546398363597,395926075163.006,3.76028052279247,3456.78968456253,21.3443094314355,33.8847763115546,71.633,6.753,80.0
Egypt,EGY,2024,16.3762422101126,11.9719350883142,389059911003.566,2.3991692678251,3338.47371395895,23.2245098772607,28.2705899322083,,6.817,85.0
Iran,IRN,1990,13.2787418004901,-0.289993217558947,124813263926.225,13.594926443584,2137.94222739877,23.801825898321,7.62767493763934,64.066,,23.0
Iran,IRN,1991,13.8243202860364,0.0171607419557352,131637664958.014,12.7161484424098,2194.43906803657,30.3698513617678,17.1285679434012,66.233,11.1,20.0
Iran,IRN,1992,13.1645906691731,0.0070970133460197,119768691216.667,3.29798191958058,1957.48507794252,27.233336583065,25.8077226162332,66.653,10.653,18.0
Iran,IRN,1993,25.4101116466448,0.325601196600586,63743623232.012,-1.47101148218381,1038.10985682067,20.6307526777243,21.2026307547761,67.037,10.573,19.0
Iran,IRN,1994,28.2861924143561,0.0027839077426266,71841461172.5964,-1.69828611909162,1167.76272513795,13.3229439837767,31.4470284237728,67.49,10.458,25.0
Iran,IRN,1995,21.6762407043299,0.0176313384274561,96419225743.6737,2.40104455220023,1550.0095955025,13.4680042116275,49.6559858462746,67.904,9.904,20.0
Iran,IRN,1996,20.1951302398727,0.0215939791939169,120403931885.441,6.35052601873645,1914.78121294313,15.0261689147315,28.9373440168137,68.328,9.1,18.0
Iran,IRN,1997,17.2779308650647,0.0465242180580812,113919163421.155,1.3503992743003,1790.06617575598,15.3716272465768,17.3492257538708,68.649,9.68,25.0
Iran,IRN,1998,12.6833809123619,0.0217633947743042,110276913362.508,2.08001178027133,1709.19334096046,16.5448387339515,17.8661342130398,69.214,10.358,27.0
Iran,IRN,1999,19.292023195998,0.0307426231739111,113848450088.351,2.00269623253435,1739.59462001458,15.5933909385954,20.0707078146866,69.686,11.176,30.0
Iran,IRN,2000,21.4670575678483,0.0355866340456932,109591707802.216,5.84552747578209,1650.01385833785,19.7901898959548,14.4767513188567,70.166,11.698,35.0
Iran,IRN,2001,19.3033203562353,0.321660450664957,126878750295.944,2.39217271207868,1881.02266635283,21.2322461232876,11.2742471332117,70.619,12.362,50.0
Iran,IRN,2002,24.4139021536457,2.73611498145264,128626917503.72,8.07882927975243,1891.25756091033,23.75878439842,14.3359337378404,71.112,12.8,55.0
Iran,IRN,2003,24.6274728309232,1.89418626211609,151911222119.488,8.6392983972006,2208.99636552406,26.0516329444029,16.4680116244792,70.464,11.529,60.0
Iran,IRN,2004,25.266928255823,1.61769687939769,187754571247.666,4.33666597851041,2672.4226651404,26.0469290707658,14.7615086970672,72.04,10.3,65.0
Iran,IRN,2005,30.3308191865397,1.28425430112768,224970371324.67,3.18980408728824,3132.0508192007,24.1096760770139,13.433118008508,72.446,11.813,70.0
Iran,IRN,2006,29.8690352505831,0.872560020177082,265602187403.643,4.99979526181222,3618.91601364428,23.2983234638014,10.0158982511924,72.895,11.519,75.0
Iran,IRN,2007,28.8436124054165,0.5769461352122,349736591832.418,8.15577352358517,4687.99166260718,21.0436945171769,17.3410404624277,73.299,10.772,80.0
Iran,IRN,2008,26.5771274521598,0.487596567096289,406070949553.875,0.250856553493634,5377.4115072957,21.6522753219841,25.4105090311987,73.683,10.63,85.0
Iran,IRN,2009,22.7114891378215,0.720530462050838,414059094949.063,1.00738545790475,5415.52280553446,20.988091086537,13.5515548281506,74.041,12.113,90.0
Iran,IRN,2010,24.399653282909,0.74916862626536,487069570463.768,5.79793830169604,6291.19443655454,19.3709904542309,10.0893629287979,74.39,13.679,95.0
Iran,IRN,2011,24.9333131264674,0.679834574763516,629082257472.368,2.6457179180628,8025.68743364356,16.2861016653904,26.2933856738608,74.721,12.491,100.0
Iran,IRN,2012,22.4753001992586,0.723850091355471,644019315003.54,-3.74717139864109,8114.08099831877,21.6140464814866,27.2568127242908,75.039,12.275,105.0
Iran,IRN,2013,25.1829067419072,0.609501593960532,500399839839.877,-1.52197920494184,6222.74194840326,21.9038111775683,36.6030355191029,75.349,10.595,80.0
Iran,IRN,2014,22.8306723891643,0.45545387401938,462284793280.825,4.98477506709476,5672.06372896319,22.5207477521518,16.6065532357449,75.635,10.68,75.0
Iran,IRN,2015,18.7208345068656,0.500987695412685,409191686496.677,-1.42488493937503,4952.73355532178,20.7017541543144,12.4846815611533,75.907,11.166,70.0
Iran,IRN,2016,20.3097816144481,0.70452835935243,478618064870.999,8.8150866425182,5710.59947089104,19.5674601594385,7.24542548952979,76.155,12.618,65.0
Iran,IRN,2017,21.8329309946109,0.983654956177998,510239893417.645,3.02685468694025,6000.93346404409,21.3227621437797,8.04492437660278,76.396,12.232,60.0
Iran,IRN,2018,29.639694129412,0.576106085876311,411903303606.044,-3.74796015711334,4783.01067340237,26.975655484871,18.0141183371874,76.621,12.195,55.0
Iran,IRN,2019,22.3147082096412,0.433347777066285,347988400957.999,-2.36143538770575,3997.4935449585,26.2770630040625,39.9073455697784,76.855,10.74,50.0
Iran,IRN,2020,18.3903748639131,0.47769170946132,280934329279.723,4.44180865358672,3202.50003502169,25.4940926265882,30.5941390387295,74.141,9.687,45.0
Iran,IRN,2021,22.0192078360416,0.34982143161472,407350685583.335,4.13089685034471,4605.14881318992,20.6531717002195,43.3890162681514,73.752,9.282,70.0
Iran,IRN,2022,25.5666185174995,0.354893288694741,422662261525.665,4.35281087521344,4721.20437099984,23.3517323048057,43.4884641742179,76.799,9.085,75.0
Iran,IRN,2023,23.9216475542357,0.310885408088419,457510482317.483,5.33235117216407,5049.29931642754,25.4719025417845,44.5791857572797,77.654,8.129,80.0
Iran,IRN,2024,23.5514720983508,0.304914200880697,475252089215.416,3.66312056830718,5190.16959024821,28.5106585810839,32.455871402917,,8.146,85.0
Iraq,IRQ,1990,7.69831832852047,-0.0037747758218375,180408064516.129,57.8178283456035,10261.4157706888,7.42796348779201,,57.587,,23.0
Iraq,IRQ,1991,1.29041072656861,1.88476429628094,407796349.663785,-64.0471069734499,22.9521327615352,2.50073024338305,180.952380952381,61.338,8.639,20.0
Iraq,IRQ,1992,0.582407539328146,0.0167969496578877,553671957.671958,32.5922111963098,30.2539012636825,1.33873809383155,83.615819209039,65.344,8.346,18.0
Iraq,IRQ,1993,0.0755486839761241,0.0778142335586011,1031944881.13189,30.2898294911571,53.7437842348819,0.469148000493709,207.692307692309,65.31,8.36,19.0
Iraq,IRQ,1994,0.0355659907118372,-0.0007516255249722,3991349282.75729,3.85453244906617,198.182101881974,0.0640163712100481,448.499999999999,65.027,8.221,25.0
Iraq,IRQ,1995,0.0053767593073831,,12894029888.1122,2.12002149754704,619.135530927038,0.0156224728764523,387.310847766638,64.761,8.431,20.0
Iraq,IRQ,1996,0.0091617736960062,-0.0191111519736746,10433698621.3427,11.0207856442482,485.258492784825,0.0177267092130249,-16.1173257510572,64.618,8.516,18.0
Iraq,IRQ,1997,63.8470089465787,0.0055526507929693,20764857056.3795,21.237936128861,936.341170908421,42.3411609933623,23.0631996788727,64.241,8.269,25.0
Iraq,IRQ,1998,77.898988648591,0.0358338015096771,20617405044.2425,35.0009676190523,900.937142559106,54.3441718723701,14.7687735575528,64.405,8.064,27.0
Iraq,IRQ,1999,77.634883408788,,36881601583.8194,17.5801703743844,1560.36466710272,60.6797178341329,12.5777623393436,64.532,7.979,30.0
Iraq,IRQ,2000,75.7037742203896,-6.61645727484025e-05,48364250943.9051,16.7961344440251,1980.18916038782,49.6328214205144,4.97896213183735,64.86,8.038,35.0
Iraq,IRQ,2001,65.2733913946118,-0.0183987197639496,36176430128.8057,1.76660876568174,1435.695683789,61.5068645821631,16.3740814963262,65.292,8.249,50.0
Iraq,IRQ,2002,70.5700515170938,-0.0009900252023457,32928454672.4246,-8.20370481187175,1266.15961275094,49.1919962298936,19.316694601979,65.724,8.619,55.0
Iraq,IRQ,2003,77.3927188812537,4.56171717525217,21921569478.8163,-36.6567804383165,817.887862499622,76.8418064070126,33.6162105992383,64.834,8.959,60.0
Iraq,IRQ,2004,56.2709085305741,0.818918786960291,36633669269.3981,53.3855472887501,1328.37157628292,63.9630685911016,26.9619068193272,64.634,8.715,65.0
Iraq,IRQ,2005,54.3478705800752,1.02925980764254,50065104667.8159,1.67522863586828,1762.39360423421,61.3946697285668,36.9594809201871,64.899,8.57,70.0
Iraq,IRQ,2006,51.0319429912104,0.587900739517653,65147051918.0219,5.63829915220637,2276.55435744086,38.6185768669673,53.230962911428,64.029,8.411,75.0
Iraq,IRQ,2007,45.8998391733957,1.09391286623188,88837057319.5179,1.88853936243953,3128.99010329066,28.1930139321023,-10.0674925768978,64.428,8.646,80.0
Iraq,IRQ,2008,50.3283072215829,1.40995173662765,131614434153.505,8.22810710383277,4542.96609046032,30.7272360450006,12.6628528269228,66.465,8.466,85.0
Iraq,IRQ,2009,39.4001102563314,1.43142990859109,111657580326.315,3.37929909442771,3714.71205987194,39.2872685626584,6.8736154721255,67.834,8.415,90.0
Iraq,IRQ,2010,39.41682921428,1.00796493975113,138516722649.573,6.40256484471193,4461.75196161555,34.0806504059643,2.8777472527476,68.092,8.267,95.0
Iraq,IRQ,2011,44.4175230392819,1.12086339764167,185749664444.444,7.546471200426,5775.54229080293,27.7538051840835,5.801455370853,68.435,8.193,100.0
Iraq,IRQ,2012,44.5084353612381,1.55961531280073,218002476129.472,13.9364301737537,6477.59618450955,29.1002492300431,6.08909641595043,68.827,7.965,105.0
Iraq,IRQ,2013,39.6635365352026,-0.995279210263068,234637675128.645,7.62828592298754,6650.35282247395,27.7464818743646,1.87949800749469,69.047,9.222,80.0
Iraq,IRQ,2014,38.9417264514779,-4.45521124532956,228415656174.957,2.26368817563613,6249.39226978969,30.0407604054258,2.23597407904679,69.679,10.59,75.0
Iraq,IRQ,2015,34.5141464410956,-4.54159235443502,166774104959.102,2.60676642939541,4440.14189252367,35.0776221572159,1.39333028780309,69.977,10.865,70.0
Iraq,IRQ,2016,28.1085236792986,-3.75180911604806,166743557747.671,13.7873730187089,4334.42096404188,26.4797965093784,0.556521397155511,68.683,10.82,65.0
Iraq,IRQ,2017,33.9160634134979,-2.68799428357231,187217660050.676,-1.81975035118309,4759.2846435467,25.8648489788178,0.18405889884769,69.788,13.02,60.0
Iraq,IRQ,2018,40.8026420265318,-2.14854834807913,227367469034.031,2.63385099105624,5646.68932074742,24.9991497435766,0.367441488936849,71.116,13.458,55.0
Iraq,IRQ,2019,38.0518681988838,-1.31640616709339,233636097800.338,5.51379057542323,5671.8568632942,30.9380702213968,-0.198965380023928,71.245,14.096,50.0
Iraq,IRQ,2020,27.750277551257,-1.58049696252586,180898797516.874,-12.0367930931152,4295.18945121228,29.992038843889,0.574162679425795,69.651,15.766,45.0
Iraq,IRQ,2021,37.3216528340457,-1.25770209772783,209691945713.103,1.50218070952037,4868.49431080783,24.1816154776761,6.04186489058044,70.704,16.173,70.0
Iraq,IRQ,2022,44.5259462145341,-0.726653366772653,287372232137.931,7.95904804992662,6520.73154560584,24.2328478795559,4.99476596381044,72.037,15.41,75.0
Iraq,IRQ,2023,39.6312322400043,-1.99474822313262,268881051643.549,0.517705525131191,5965.31835077761,29.8300885590124,4.35835351089586,72.324,15.239,80.0
Iraq,IRQ,2024,37.5074937454157,-2.73525447039729,279641257615.385,-1.54525198318304,6073.61032342708,33.2012497294786,-12.2969837587007,,15.293,85.0
Israel,ISR,1990,27.9465207709517,0.243482687846156,62016729540.7093,7.3151991944807,13308.311060238,32.9509014306727,17.2553348050036,76.6073170731707,,23.0
Israel,ISR,1991,23.9793403778088,0.486769098931952,70998755006.9019,7.72611510990106,14346.0810278646,31.7387408145862,19.1088798242862,76.7585365853659,13.387,20.0
Israel,ISR,1992,24.4831613459911,0.740645784472681,79457685757.166,7.7592662201412,15509.9913638817,30.4240902028808,12.0653319283457,76.5048780487805,14.08,18.0
Israel,ISR,1993,26.1045226543852,0.757489644348421,79855877174.4429,4.11675635714511,15178.8399875391,33.9095477830323,10.8838740009403,77.1536585365854,12.741,19.0
Israel,ISR,1994,26.1098656045866,0.48666464040433,90740103828.6058,7.42784528286684,16806.8353081322,33.6778940731722,12.253550985796,77.4024390243903,9.934,25.0
Israel,ISR,1995,25.8481878436735,1.27993653764054,105497418058.646,6.60292466276256,19025.6840502517,33.5412193312938,9.93389990557126,77.4512195121951,8.782,20.0
Israel,ISR,1996,25.4379943512674,1.21363908773481,115116595544.694,5.83943847597874,20224.2789080629,32.6931414218062,11.4585122831129,78.1048780487805,8.455,18.0
Israel,ISR,1997,26.282671247824,1.36765643310041,119459826346.611,3.61234610744576,20469.4699017497,31.2847740121409,8.95499383477184,78.0,9.751,25.0
Israel,ISR,1998,26.9048646341312,1.441258680212,120547409278.703,4.11196396238032,20188.8141481667,29.9996020451865,5.48875371339656,78.1487804878049,10.749,27.0
Israel,ISR,1999,30.8005240292505,3.4179675619151,121417185061.719,3.29727980669843,19823.2138876277,33.9390615958789,5.18975459299983,78.6585365853659,11.183,30.0
Israel,ISR,2000,33.7710777307984,5.89507316780042,136512300542.025,8.58208942390802,21706.5194056329,34.575781306185,1.03263640999489,78.9536585365854,11.102,35.0
Israel,ISR,2001,29.5058979011867,1.31205425123863,135002039612.906,0.277927326527333,20966.3052667971,32.6336868539683,1.12302839116721,79.4073170731707,11.812,50.0
Israel,ISR,2002,30.8726038348007,1.26264306760422,125332331883.997,-0.134072634658438,19076.4584298321,34.5985015797975,5.80234589468429,79.4512195121951,12.888,55.0
Israel,ISR,2003,32.6890976814998,2.52798678419127,131408914824.005,1.4490576944626,19643.4690380742,34.1926526883506,0.70763061681807,79.6487804878049,13.505,60.0
Israel,ISR,2004,37.2034160019932,2.10420736029139,140047984605.087,4.64789744397389,20568.0694088834,37.7697835245215,-0.421595034547416,80.1463414634146,13.029,65.0
Israel,ISR,2005,38.8199731456125,3.26627070729098,147519922009.047,4.38778887041551,21286.8388636595,39.50428823132,1.34070328119492,80.1512195121951,11.342,70.0
Israel,ISR,2006,39.0366654738202,9.05944013221796,158900547825.306,5.60162698158004,22527.2619795719,39.3986234980262,2.05407914587443,80.5536585365854,10.707,75.0
Israel,ISR,2007,38.7309427849305,4.76393877718242,184681214673.45,6.32334950499747,25721.2594077311,40.1061635147322,0.466226972936065,80.5048780487805,9.379,80.0
Israel,ISR,2008,37.1735711862802,4.64409119960907,221231658862.876,3.22209599987266,30269.217773489,38.2073511193778,4.52744765138651,80.9512195121951,7.704,85.0
Israel,ISR,2009,31.8215668375585,2.15877755898524,213403181852.86,1.23773159721814,28508.4938886475,29.8540811264115,3.3676231727125,81.4048780487805,9.534,90.0
Israel,ISR,2010,33.5283775791883,2.91418894955553,239679036634.372,5.53434033902194,31439.0887027614,32.104702289727,2.70270270270273,81.6024390243903,8.48,95.0
Israel,ISR,2011,34.1820194106911,3.22758725723671,268094998225.028,5.51879621371651,34522.5215979073,34.7274184390463,3.48837209302323,81.6560975609756,7.139,100.0
Israel,ISR,2012,34.718418157701,3.42096752579402,263589172712.391,2.44716836741318,33321.4300881602,35.2466069250033,1.67553715750052,81.7048780487805,6.762,105.0
Israel,ISR,2013,32.8051206257893,3.96752765564861,298478070673.058,4.08570918638205,37034.3161080785,31.3289305035608,1.58976347421476,82.0560975609756,6.137,80.0
Israel,ISR,2014,31.4890595862987,1.9201815482971,315017088116.716,3.77582843213109,38343.3046626235,30.2242945297015,0.467557251908503,82.1536585365854,5.789,75.0
Israel,ISR,2015,30.8618661959764,3.73553271836246,303469434072.296,2.23760317482488,36213.1041481958,28.0361057195896,-0.617342577642765,82.0512195121951,5.176,70.0
Israel,ISR,2016,29.6960089388032,3.72366398162517,321940971558.016,4.45978271860821,37671.5389138798,28.1030227462751,-0.535168195718695,82.4073170731707,4.723,65.0
Israel,ISR,2017,28.9776587580992,4.71262751632939,358451839052.991,4.3469311670646,41138.470964272,27.3024554959932,0.249807840123008,82.5512195121951,4.14,60.0
Israel,ISR,2018,29.6925022331652,5.71739368118438,376299083108.497,4.00389862187025,42362.6652754196,29.0512520055796,0.805060379528526,82.8024390243903,3.917,55.0
Israel,ISR,2019,28.9810422486608,4.33363467004394,400645216358.857,3.71049632750405,44250.6313628073,27.3443063939232,0.817645940292794,82.8048780487805,3.731,50.0
Israel,ISR,2020,27.1722994385229,5.1047506129271,410768352657.612,-2.02161548237589,44575.5719045492,24.0643743535137,-0.575254620897756,82.6487804878049,4.169,45.0
Israel,ISR,2021,28.8234046153015,3.86849852798664,489851549972.347,9.38837403354628,52270.9040241956,26.0782795853972,1.47965474722561,82.5,4.812,70.0
Israel,ISR,2022,31.3853280968641,4.35725962102686,525181008025.57,6.26326343841286,54949.621556429,29.2595245774311,4.41162725488371,82.7,3.695,75.0
Israel,ISR,2023,30.4105026275679,3.15712318737314,512184638998.974,1.82652049482384,52003.7200729997,27.5798180861304,4.22522603168918,83.1951219512195,3.371,80.0
Israel,ISR,2024,28.4347615877701,2.73472411141711,540379921261.681,0.871968424377442,54176.6844383302,26.0172387092026,3.07480889805025,,3.595,85.0
Jordan,JOR,1990,59.8348484299736,0.904951524213929,4160087507.83472,-0.275903907591925,1148.59005469899,89.6128354641266,16.1921375615233,70.094,,23.0
Jordan,JOR,1991,57.3901284651792,-0.273621540083886,4344467193.25095,1.60853107260243,1109.65564611997,79.8715348208249,8.15549597855212,70.24,21.439,20.0
Jordan,JOR,1992,50.2326639707512,0.766783016836771,5310833193.59005,14.3497760596886,1286.6347360596,81.4120346775981,3.9958356055719,70.4,19.947,18.0
Jordan,JOR,1993,50.3351276902482,-0.598396989551083,5606400221.69269,4.48698977985755,1289.4145431007,80.1501055504068,3.31666666666706,70.568,19.7,19.0
Jordan,JOR,1994,47.8622449682143,0.045776079316656,6236295978.24531,4.97147669964757,1367.18721776691,70.4739311041241,3.51669624132886,70.738,16.894,25.0
Jordan,JOR,1995,51.7212123783061,0.197813411584189,6727597031.96347,6.20087444373819,1415.71151592128,72.8614758097016,2.35312451301273,70.915,14.6,20.0
Jordan,JOR,1996,52.8788989331379,0.223959605831094,6927503526.09309,2.08702078168028,1410.17424189419,78.1802243668051,6.50121802679586,71.105,13.7,18.0
Jordan,JOR,1997,49.2475989332918,4.9812158137543,7245839210.15515,3.30847538304737,1435.87593846863,71.489513947015,3.0378842030025,71.324,13.74,25.0
Jordan,JOR,1998,44.7951049948305,3.9181432493137,7912270803.94922,3.01217269046565,1532.11380395602,64.2572979428857,3.09166666666703,71.521,13.841,27.0
Jordan,JOR,1999,43.3107851790319,1.93828634719554,8149929478.13822,3.38953079405088,1544.58750592979,61.1595884602738,0.606256567779427,71.737,13.763,30.0
Jordan,JOR,2000,41.8273959357861,10.7940053678297,8460789844.8519,4.24571192079179,1570.61002940477,68.5015086602097,0.66688092559796,71.926,13.7,35.0
Jordan,JOR,2001,42.1342929427849,3.04850514227071,8975814652.8196,5.26995757513571,1632.29454010563,67.1511856310008,1.77220437351017,72.141,14.7,50.0
Jordan,JOR,2002,47.4212540476891,2.48601734100151,9582510578.27927,5.78380792679296,1706.26744384401,66.6176037680306,1.83299389002049,72.359,15.3,55.0
Jordan,JOR,2003,47.3722799396849,5.36472671434697,10195627644.5698,4.16166755544407,1775.67625581432,68.3345553142335,1.62999999999998,72.585,14.5,60.0
Jordan,JOR,2004,52.1894968421313,8.2092227069918,11411706629.055,8.56721424236899,1940.08641342805,82.4321150922641,3.36186821476601,72.788,14.626,65.0
Jordan,JOR,2005,52.704580084252,15.7636461414358,12588998589.5628,8.14659481079931,2087.87079273635,94.2043111947656,3.49368534619531,72.977,14.8,70.0
Jordan,JOR,2006,53.8743278940368,23.5372913427131,15056981664.3159,8.09297527811933,2342.63459574933,87.873053937089,6.25172466656443,73.225,14.0,75.0
Jordan,JOR,2007,54.234912993661,15.3248262609959,17110437235.543,8.17616995204646,2506.20599484139,91.7593332948654,4.74390639021648,73.407,13.1,80.0
Jordan,JOR,2008,56.0504965658577,12.4753075049094,22658715989.3302,7.22038637280139,3241.6524135556,84.862429395062,13.9712310012729,73.563,12.7,85.0
Jordan,JOR,2009,45.0754717111092,9.83417874476547,24537876056.338,5.02371007272669,3435.8337590698,67.0765264759993,-0.739069743144777,73.707,12.9,90.0
Jordan,JOR,2010,46.9971426422454,6.22247566973912,27133804225.3521,2.31483422063046,3718.46571622945,67.2255350518798,4.84551875852116,73.797,12.5,95.0
Jordan,JOR,2011,46.5505776295546,5.03335872688489,29524149154.9296,2.73717988632104,3946.85503855525,72.1491018722468,4.1624416292779,73.929,12.9,100.0
Jordan,JOR,2012,45.225985406904,4.89480688682321,31634561690.1408,2.42935800100238,4169.50470054618,72.6296022782855,4.5152295667099,74.087,12.2,105.0
Jordan,JOR,2013,41.2956035736517,5.64977168714588,34454440140.8451,2.60994737548631,4311.21916713038,70.1559244239765,4.82462314269537,74.282,12.6,80.0
Jordan,JOR,2014,42.1339077050464,5.91204890205889,36847643521.1268,3.38407809933472,4191.18050084986,67.8048978299753,2.89947905006057,74.606,11.9,75.0
Jordan,JOR,2015,36.5444370225267,4.14720229174937,38587017887.3239,2.49652879315188,4042.75678097555,58.8134752041523,-0.876851359704049,75.06,13.075,70.0
Jordan,JOR,2016,34.3952100655679,3.89285142868971,39892551126.7606,1.9941808493012,3986.71677010853,54.3255078299008,-0.778430463054142,75.55,15.275,65.0
Jordan,JOR,2017,34.3683691309957,4.87814133167977,41608435915.493,2.47359815449045,4065.61628749384,55.3632313761401,3.32389447576097,76.071,18.12,60.0
Jordan,JOR,2018,34.7991158378548,2.20177686575576,43370860704.2254,1.91907091341564,4145.43989673265,52.8367993528309,4.46231108475481,76.491,18.257,55.0
Jordan,JOR,2019,36.3349404358171,1.63970565115643,44503006338.0282,1.75124077866225,4170.1144003465,49.3528930606033,0.761514047265601,76.865,16.801,50.0
Jordan,JOR,2020,23.899941960737,1.73975978294192,43700383098.5916,-1.10275188309046,4022.0401356135,42.1600068481689,0.333294350628378,75.583,19.213,45.0
Jordan,JOR,2021,29.958414256479,1.34316062049226,46296100140.8451,3.65564358999147,4183.49998326866,50.3744556879614,1.34609377243118,74.204,19.837,70.0
Jordan,JOR,2022,42.5374671563433,1.97382535440765,48764963380.2817,2.64743514912058,4332.25159897931,61.5579922828454,4.22915568897117,77.088,18.2,75.0
Jordan,JOR,2023,43.5168833945194,3.92718313792336,51088476338.0282,2.88408339281683,4466.08314208575,56.8309853575149,2.08486986327134,77.814,16.62,80.0
Jordan,JOR,2024,42.6120551194793,3.06387579665258,53352289577.4648,2.48889409603647,4618.09592498567,57.0673926170931,1.55659611283953,,16.693,85.0
Kuwait,KWT,1990,44.9389489749774,0.0303889056376244,18427777777.7778,-26.2288925207873,10937.5415268808,58.0720511757612,9.83363531543402,73.4171463414634,,23.0
Kuwait,KWT,1991,16.9020390089475,0.0072661258631901,11009993703.1474,-41.007790668086,8147.10807329839,125.710915256915,9.05818836232758,73.907243902439,0.884,20.0
Kuwait,KWT,1992,40.4702661894745,0.17775714103223,19858555214.7239,82.8093290262528,12146.19505586,54.2177987776916,-0.54547121378821,76.0023902439025,0.878,18.0
Kuwait,KWT,1993,47.7711852130289,0.055352254945099,23941391390.7285,33.9904675559008,14317.7209419057,44.2858499844861,0.382541365165916,76.0514878048781,0.8,19.0
Kuwait,KWT,1994,50.8536592487937,6.11378094094887,24848483838.3838,8.43616564472201,14929.7441110335,42.3306250269902,2.53443526170792,76.0328292682927,0.7,25.0
Kuwait,KWT,1995,52.354601363093,0.0246490820787917,27186980646.5448,4.85829125202741,16168.165602374,41.9650229852475,2.68672756582484,75.979756097561,0.694,20.0
Kuwait,KWT,1996,52.284947662025,1.10297007855259,31492373308.7516,0.605127158807079,18201.0958607918,39.1871970813757,3.55398569684287,75.9250487804878,0.7,18.0
Kuwait,KWT,1997,52.8528137117534,0.0651699660417899,30350190704.4361,2.47332525804084,16977.3895620399,39.5907328358695,0.682191434707604,75.9071463414634,0.7,25.0
Kuwait,KWT,1998,43.8626446594574,0.227661054359541,25943705784.2996,3.66205472795443,14066.9509572183,51.0971985075571,0.129658287674027,75.9642926829269,0.7,27.0
Kuwait,KWT,1999,45.9338909669891,0.239920870802179,30122365849.2518,-1.78900912450079,15853.6264423466,39.4342235841958,2.99081035923166,76.0779512195122,0.7,30.0
Kuwait,KWT,2000,56.4721744466436,0.0432141499494191,37718743480.0751,4.69458187079211,19296.3471698729,30.1461500566105,1.81294613887089,76.2258780487805,0.8,35.0
Kuwait,KWT,2001,51.3084112149533,-0.319626515627052,34889559869.8326,0.213332576499354,17374.2318664227,35.5420560747664,1.29999999999999,76.3843414634146,0.8,50.0
Kuwait,KWT,2002,44.6160483175151,0.0094909326066186,38135788413.8276,3.01428315192251,18512.7523035862,36.6091458153581,0.888450148074907,76.5316341463415,1.1,55.0
Kuwait,KWT,2003,52.0915105977347,-0.140181900729054,47874582231.588,17.3260204175143,22690.655175144,34.463664909723,0.961350293542112,76.6445609756098,1.3,60.0
Kuwait,KWT,2004,56.9171133832286,0.0399618649631494,59439090600.6108,10.2402980586354,27552.2827399787,32.3805282958548,1.24856443679889,76.7276829268293,1.7,65.0
Kuwait,KWT,2005,63.9760608989031,0.289490192089246,80798630136.9863,10.6090449840228,36122.6142741227,28.2666191953614,4.14297583631023,76.8007804878049,1.455,70.0
Kuwait,KWT,2006,65.5457337246984,0.119445435810722,101557330723.423,7.51477300024021,42946.6374104066,24.1673594733538,3.05701339166722,76.8876829268293,1.3,75.0
Kuwait,KWT,2007,63.4150383970829,0.0972971788343997,114634043361.692,5.99157551059315,45709.4132876371,28.3174649945059,5.48494983277596,77.0101707317073,1.5,80.0
Kuwait,KWT,2008,66.7595495181702,-0.0040383793398518,147379737229.753,2.47975694278544,55585.1889344442,25.9239067335019,10.5827097865144,77.1890487804878,1.75,85.0
Kuwait,KWT,2009,59.4336343544442,1.05086514387032,105968691905.415,-7.07605643073411,37907.1001320042,29.3774306307015,4.60959548447787,77.4333658536585,1.64,90.0
Kuwait,KWT,2010,66.6735112696735,1.13036730425536,115416245241.742,-2.37054804425912,39212.252220155,30.3545103903329,4.49640287769787,77.7262195121951,1.82,95.0
Kuwait,KWT,2011,73.2176749998524,2.11573865053542,154039231245.856,9.62863419534361,49169.6063813095,25.8988177648389,4.8394034987095,78.052243902439,2.051,100.0
Kuwait,KWT,2012,74.7318371141504,1.65046109668041,174047662680.041,6.62587485078971,52155.2225833921,26.2795979898817,3.25514600287211,78.3950243902439,2.227,105.0
Kuwait,KWT,2013,70.8610179890485,0.823130244872496,174168116534.844,1.14946552780648,49651.0439275077,26.7444733437666,2.68229684085039,78.7418048780488,2.465,80.0
Kuwait,KWT,2014,68.5055251263225,0.298681408941651,162650450684.725,0.500914669444924,44368.7813457751,31.5316647155213,2.90892672858625,79.0803414634146,2.9,75.0
Kuwait,KWT,2015,53.7653724505163,0.248414926379679,114585555688.511,0.592770817217982,29882.2126495698,44.9346159950322,3.27170166092133,79.3765609756098,2.2,70.0
Kuwait,KWT,2016,47.632285262531,0.266918369047007,109406674124.652,2.92607584256388,27323.6890735517,48.5253871133306,3.19839776658374,79.6775853658537,2.16,65.0
Kuwait,KWT,2017,51.1963155925274,0.0936402094114043,120687539805.505,-4.71222270495362,29047.6536135703,46.6437308648816,2.17183298510006,79.9160731707317,2.23,60.0
Kuwait,KWT,2018,57.311462753412,-0.0154187787915342,138646316350.727,2.74333045031415,32067.9623756889,45.4741679015879,0.543133148199567,80.1063658536585,2.202,55.0
Kuwait,KWT,2019,52.0582560763879,0.366059041832984,140856394860.529,2.26381706595791,31707.8737443551,39.6274563132075,1.09184802655856,81.969756097561,2.213,50.0
Kuwait,KWT,2020,43.7131472290911,-0.502546857177857,111045470605.715,-4.81731593381585,25236.0755848941,38.2993629002141,2.101729548274,78.7609756097561,3.489,45.0
Kuwait,KWT,2021,51.7263630655345,-0.183575378772919,148350671489.144,1.67213054307859,34018.6342592913,30.2755763948616,3.42362947609188,78.7365853658537,2.97,70.0
Kuwait,KWT,2022,60.4493063070643,0.409943823254395,183502046693.878,6.75866711966617,39981.7691035833,30.4711053899552,3.98064961990313,80.5878048780488,2.133,75.0
Kuwait,KWT,2023,57.7301505140508,1.27859898143139,165384407116.233,-1.6672059801285,34075.849012909,38.3496376441492,3.64216403030709,83.1878048780488,2.08,80.0
Kuwait,KWT,2024,,0.383567812220823,160227273053.334,-2.56011099967517,32717.7186631255,,2.89855072463762,,2.151,85.0
Lebanon,LBN,1990,17.9927860456218,0.227233865800903,2838485353.96187,26.5331600932491,789.526338484738,99.9130219793819,,65.479,,23.0
Lebanon,LBN,1991,12.528835709228,0.0347517217099537,4690415092.53663,49.4473791849141,1278.42125745633,79.9258362974654,,70.865,8.594,20.0
Lebanon,LBN,1992,10.8507051639318,0.315902283373073,5843579160.90122,16.4383457045728,1559.38100628446,71.9935512831162,,71.169,8.225,18.0
Lebanon,LBN,1993,9.17439885733869,0.0931785202512423,7941744492.23595,10.7656697971889,2078.63864215562,67.176675859638,,71.559,8.226,19.0
Lebanon,LBN,1994,7.87060873504597,0.23502137102756,9599127050.17558,8.10524197734502,2467.76942720577,62.4015067389992,,72.03,8.321,25.0
Lebanon,LBN,1995,10.8064548760331,0.29866550632029,11718795528.5556,6.44886256985258,2958.74263957462,62.3289321157903,,72.383,8.421,20.0
Lebanon,LBN,1996,12.8463200007143,0.584358875032073,13690217333.5879,11.2859357161668,3393.05090749359,55.2502927572561,,72.614,8.413,18.0
Lebanon,LBN,1997,14.5319587628866,11.4246771134021,15751867489.4446,1.05496666740667,3834.0590787531,47.5546391752577,,72.94,8.62,25.0
Lebanon,LBN,1998,13.7634326360473,6.5802246247728,17247179005.5219,3.66572378505683,4124.85527892575,40.9537649623313,,73.201,8.571,27.0
Lebanon,LBN,1999,14.0639896274263,5.01221157296938,17391056369.2265,-0.525584634783087,4086.93872789633,36.750181138695,,73.513,8.787,30.0
Lebanon,LBN,2000,14.1775557263643,5.75581691967717,17260364842.4544,1.34187161970405,3986.83513941026,35.9377401998463,,73.895,8.641,35.0
Lebanon,LBN,2001,15.604915999549,8.23754952644041,17649751243.7811,3.83966927702973,4009.55929751102,39.9518923591536,,74.354,8.499,50.0
Lebanon,LBN,2002,16.0986422831809,6.97552914588529,19152238805.9701,3.42314982843781,4290.85283803266,34.9438902743142,,74.836,8.248,55.0
Lebanon,LBN,2003,16.7365813377374,14.2410590326381,20082918739.6352,3.22709826879041,4437.71588507526,37.3542526837325,,75.275,8.061,60.0
Lebanon,LBN,2004,35.0549045511842,8.97351609461343,21159827992.0398,6.67944461641103,4600.68371412993,55.9178924759114,,75.693,7.85,65.0
Lebanon,LBN,2005,36.6235387082596,12.2038495910608,21497336498.8391,2.68577931016345,4602.19804637945,56.1391175643253,,76.074,8.249,70.0
Lebanon,LBN,2006,35.5896575058264,12.1444381288428,22022709851.4096,1.54951500083213,4635.2514117486,55.4797395240145,,75.677,8.679,75.0
Lebanon,LBN,2007,37.1415170042625,13.5978268963012,24827355014.9254,9.31062252641144,5125.25809960149,60.826190961787,,76.732,8.98,80.0
Lebanon,LBN,2008,38.5456544402878,14.8805177180667,29118916105.4726,9.06912826789082,5912.04532820842,68.080018735906,,76.956,7.666,85.0
Lebanon,LBN,2009,33.1957016986538,13.5696589141535,35399582928.6899,10.232155577776,7090.85493856621,57.2021371632555,1.19509671165543,77.262,6.355,90.0
Lebanon,LBN,2010,35.023122866407,11.1327936305686,38443907042.1227,7.97513555844932,7625.81051551165,60.0735300752172,3.98347941855833,77.529,6.768,95.0
Lebanon,LBN,2011,36.3630972315613,7.85693989450406,39927125961.5257,0.86733987855277,7834.96257108993,65.7767851809418,4.97148571692384,77.768,7.352,100.0
Lebanon,LBN,2012,28.8092128781151,7.06847166156729,44016799515.7546,2.56479133680038,8406.98405608118,59.736289044944,6.58147447683677,77.941,7.952,105.0
Lebanon,LBN,2013,26.6467547466619,5.67636791033718,46880103080.597,3.8278734986016,8162.37929361396,59.5275738453946,4.82101956297399,78.037,8.477,80.0
Lebanon,LBN,2014,23.7561644984684,5.95175528625723,48095213746.6003,2.48406010500743,7577.6413302369,56.0609920940944,1.8546042134091,78.148,8.84,75.0
Lebanon,LBN,2015,23.1396677268024,4.32469174487594,49929337836.8159,0.462320792597581,7714.1099998804,48.6993749079787,-3.74914524799629,78.275,9.312,70.0
Lebanon,LBN,2016,21.7261558874138,5.02174040562454,51147308774.1294,1.55454940856943,8089.012088155,45.9974619033978,-0.783359624361508,78.306,9.794,65.0
Lebanon,LBN,2017,21.9269331860238,4.756779140202,53027680685.9038,0.903028464073813,8608.21084982387,46.5284960733038,4.32135218303191,78.192,10.258,60.0
Lebanon,LBN,2018,20.7545211587566,4.84140308956364,54901519155.5556,-1.88470575631651,9174.53666204759,47.5027861456152,6.07698907889607,78.263,10.755,55.0
Lebanon,LBN,2019,20.6977589567577,3.69413245000342,51605959131.2741,-6.91492472851026,8905.88005497437,42.2831570534023,3.00538949390383,78.208,11.301,50.0
Lebanon,LBN,2020,16.3725868676481,5.06712986613403,31712128253.7961,-21.3998996914321,5561.19166950397,33.7572174203146,84.8643330472041,76.299,13.252,45.0
Lebanon,LBN,2021,26.0256276927137,2.5929006838647,23131941556.7843,-7.00123862514116,4045.37391066234,52.8029927098104,154.756096023393,73.65,12.715,70.0
Lebanon,LBN,2022,34.8287792460469,2.50966160641735,20992421948.8081,-0.621678970663112,3654.35845534878,80.0594990196196,171.205491336641,78.003,11.105,75.0
Lebanon,LBN,2023,30.5514119674735,3.26435467389127,20078620356.9931,-0.760584470257314,3477.72489842684,73.6549981017088,221.341644023365,77.817,10.985,80.0
Lebanon,LBN,2024,,,,,,,45.2430422716718,,,85.0
Oman,OMN,1990,41.4435890421666,1.06881863300637,13310273081.9246,-0.130425738129333,7545.70305230441,19.7936613388565,,69.012,,23.0
Oman,OMN,1991,37.7886493124761,1.0468885265044,12918335500.6502,6.07407790816865,6977.3285922345,24.9239999194701,,69.584,4.056,20.0
Oman,OMN,1992,39.2401349567258,0.735294117647053,14183615084.5254,8.41388425937097,7317.78815838166,25.4877512102098,,70.114,4.16,18.0
Oman,OMN,1993,37.7951604649463,0.997879961985525,14230429128.7386,6.04296067461487,7038.9301587736,27.2863513414723,,70.608,4.009,19.0
Oman,OMN,1994,37.734181689643,0.519618239660657,14715214564.3693,3.87577416657888,7068.38996979073,24.9558147755391,,71.072,4.073,25.0
Oman,OMN,1995,38.6422285449613,0.29444848805664,15722236671.0013,4.99681952030654,7414.30279204109,25.5078409316482,,71.56,4.167,20.0
Oman,OMN,1996,43.7147853118321,0.348234217049513,17402080624.1873,3.04593990978547,8068.00076784612,25.6758978344368,,72.023,4.254,18.0
Oman,OMN,1997,43.9139022245289,0.357542921694563,18039791937.5813,6.03351250709945,8234.64063759005,27.6804636477661,,72.463,4.196,25.0
Oman,OMN,1998,36.8293078294699,0.635743228156913,16044213263.9792,-0.0678740925781511,7219.02932432025,43.6537526341384,,72.882,4.346,27.0
Oman,OMN,1999,42.8923534644946,0.224866917026412,17832769830.9493,0.29759569579106,7915.44169380534,33.7188443420304,,73.276,4.433,30.0
Oman,OMN,2000,52.8812450343506,0.368381081460018,22259557867.3602,6.19241063695442,9753.84755185404,28.5320372014768,,73.643,4.433,35.0
Oman,OMN,2001,52.0607629332053,0.0234244152680339,22205721716.515,4.61316649389876,9611.96360191054,32.4662395614949,-0.816666666666656,73.979,4.298,50.0
Oman,OMN,2002,51.0785120705402,0.473575608601034,23065539661.8986,-0.784165786429256,9869.13050219438,32.5752365059141,-0.279578822571373,74.276,4.335,55.0
Oman,OMN,2003,49.8417471950873,0.10094531077486,24733680104.0312,-2.19466567976842,10463.5425832141,35.0048895384907,0.231328682267143,74.521,4.599,60.0
Oman,OMN,2004,49.7630983256505,0.391323075231172,28378933680.104,1.99251510973346,11800.8507411171,38.8482088033945,0.624969062631367,74.82,4.693,65.0
Oman,OMN,2005,55.2943072280332,4.33257156250914,35506892067.6203,2.77944360306151,14434.8577924647,31.4669948140986,1.90983553531865,75.07,4.589,70.0
Oman,OMN,2006,53.783801943669,3.74867907471091,42577633289.987,4.66981481939328,16930.8565071853,32.3619060417443,3.54498591605033,75.354,4.387,75.0
Oman,OMN,2007,54.6159437848316,6.89874269714346,48300390117.0351,4.98065467051528,18792.653772482,40.2498451929031,5.8304841809271,75.596,4.309,80.0
Oman,OMN,2008,56.6730874556165,4.22877879574812,69804681404.4213,8.95005895005896,26576.779241509,38.0888155320996,12.3754091529912,76.124,4.142,85.0
Oman,OMN,2009,52.7902973909699,2.72158933688519,55454096228.8687,5.98196694904402,20655.9180249218,38.8376379437297,3.46881023754893,76.631,3.977,90.0
Oman,OMN,2010,59.0956382553021,1.91196478591436,64993498049.4148,2.47199856582773,23570.1798147325,37.2909163665466,3.25657959078624,77.184,3.911,95.0
Oman,OMN,2011,63.9174704172791,2.10218875218974,77497529258.7776,2.89460973541192,25188.0074151885,37.7242615226627,4.0421886711639,77.74,3.95,100.0
Oman,OMN,2012,62.7218547578454,1.5612029028198,87408842652.7958,8.86312225557018,24642.2978768596,39.3529056464546,2.94773495257209,78.187,3.753,105.0
Oman,OMN,2013,66.0316248510717,1.79286446946825,89936020806.2419,5.22770408145942,23458.0233840053,46.511896912702,1.05354820265932,78.633,3.553,80.0
Oman,OMN,2014,61.4401786616091,1.3876575353227,92699089726.9181,1.29225229411081,23160.6502252547,40.8385424265209,1.01401483924156,79.03,3.453,75.0
Oman,OMN,2015,49.652560938135,-2.76001757846703,78710793237.9714,5.01705799719045,18808.3077921839,46.7250192470997,0.0652901330286599,79.346,3.403,70.0
Oman,OMN,2016,41.3196247446948,3.01624952400734,75128738621.5865,5.04642394571691,17110.1897460545,41.5446394571953,1.10920805807027,79.581,3.266,65.0
Oman,OMN,2017,45.7165464756476,3.56005583896762,80856697009.1027,0.304057565922449,17820.0661809335,43.236601542648,1.58909413567799,79.748,2.523,60.0
Oman,OMN,2018,50.6224420190996,6.12067985447931,91505851755.5267,1.28710391543288,19901.7615642016,38.6567758071851,0.889312370970404,79.864,1.8,55.0
Oman,OMN,2019,49.4929030047786,2.26908923371353,88060858257.4772,-1.12863801728058,19180.1864152801,36.9852980265451,0.490815362820671,79.946,2.045,50.0
Oman,OMN,2020,47.0548733691481,2.51548624054379,75909492847.8544,-3.37972052697999,16784.8630630058,44.8210174322991,-0.40640291946585,77.763,2.94,45.0
Oman,OMN,2021,53.329759351918,10.015189421015,87323797139.1417,2.5821749892893,19403.4600160211,42.6197283774124,1.68221185876085,75.969,1.9,70.0
Oman,OMN,2022,63.2505019129513,6.25544528201825,109852795838.752,7.98570728354278,23223.5829405935,42.4945073677033,2.5061425061425,77.911,3.3,75.0
Oman,OMN,2023,61.5843427385221,11.8157929012346,106174708036.51,1.41401395818599,21027.7384778886,44.8623882596847,0.950782997762827,80.031,3.176,80.0
Oman,OMN,2024,66.0725661133991,11.6351181523148,107137198769.386,1.63163221127449,20285.2272897377,48.7801054086182,0.593589236248469,,3.203,85.0
Qatar,QAT,1990,,0.0663003894128917,7360439423.07692,3.41446208226637,16721.6207714589,,3.0009680542111,73.405,,23.0
Qatar,QAT,1991,,0.617998084291188,6883516483.51648,-1.66223252157937,15133.4969397069,,4.41729323308255,73.654,0.87,20.0
Qatar,QAT,1992,,0.517645865952036,7646153983.51648,11.3305277115916,16280.2938815273,,3.06030603060311,73.876,0.87,18.0
Qatar,QAT,1993,,1.0067638807644,7156593653.84615,-1.32513610817219,14769.7193322522,,-0.8733624454148,74.071,0.87,19.0
Qatar,QAT,1994,44.8757580784336,1.78792976081869,7374450769.23077,1.41870841852997,14764.8771355222,33.7741687956139,1.32158590308376,74.245,0.87,25.0
Qatar,QAT,1995,44.3386681431189,1.1496806582902,8137911978.02198,2.39923621838123,15822.5090711554,43.3292838880465,2.9565217391303,74.404,0.87,20.0
Qatar,QAT,1996,43.7257421678112,3.74055930799852,9059340384.61539,4.37391057029394,17124.7920861356,39.7834788871749,4.90453460620532,74.558,0.87,18.0
Qatar,QAT,1997,48.2808096120086,3.7027555955361,11297802115.3846,30.012039826432,20522.8012995179,36.1662292298869,4.83448981913322,74.713,0.87,25.0
Qatar,QAT,1998,51.095630938074,3.38647719168747,10255495027.4725,11.2186524439444,17665.4408438222,39.9624946174996,2.9513888888889,74.872,0.87,27.0
Qatar,QAT,1999,60.0407882778036,0.913812595597526,12393131868.1319,4.28406439626644,20233.6846826643,25.6921815078362,2.18170320404723,75.048,0.87,30.0
Qatar,QAT,2000,67.2833585991399,1.41667543235467,17759890109.8901,8.02812545191884,27535.182940934,22.3293011168518,1.65033522434232,75.25,0.87,35.0
Qatar,QAT,2001,65.8928571428571,1.68498245614035,17538461538.4615,3.89818666233907,25870.7991864314,29.0758145363409,1.47133434804683,75.486,0.87,50.0
Qatar,QAT,2002,60.3427728278758,3.2221054423699,19363736263.7363,7.18215168021513,27226.6593510117,28.1269507973441,0.239999999999952,75.766,0.87,55.0
Qatar,QAT,2003,61.6975823867948,2.65541575709466,23533791208.7912,3.71995867654906,31602.470865136,28.4673663075073,2.26456504389469,76.097,0.87,60.0
Qatar,QAT,2004,64.1682249463259,3.77817958307362,31734065934.0659,19.2189153397893,41035.5008380177,26.2042038922363,6.79933665008279,76.484,0.87,65.0
Qatar,QAT,2005,65.0850448205021,5.61413033419499,44530494505.4945,7.49275848279068,53949.6764091147,29.660499349131,8.81439532334683,76.909,0.87,70.0
Qatar,QAT,2006,62.8177301668238,5.74881210770224,60882142857.1429,26.1702456703032,62582.4453138755,35.7531891467481,11.8358096197431,77.323,0.87,75.0
Qatar,QAT,2007,60.2773718602663,5.89621991232182,79712087912.0879,17.9856568160263,65954.3419525051,35.8367338498442,13.7581625759964,77.741,0.52,80.0
Qatar,QAT,2008,61.3623526215314,3.27806417009269,115270054945.055,17.6635563626089,80781.4039187792,28.0704890331591,15.0501451570333,78.262,0.31,85.0
Qatar,QAT,2009,51.1348760906328,8.3076413079166,97798351648.3516,11.9565611289086,60785.7351551657,29.0092868820684,-4.86327801622565,78.837,0.31,90.0
Qatar,QAT,2010,63.0733572887292,3.77775259249383,123627197802.198,19.5921744776308,76462.6119486736,24.037839747735,-2.42525675161714,79.444,0.45,95.0
Qatar,QAT,2011,72.619706501698,0.559389030984015,167775274725.275,13.3752345495477,103261.510293068,26.1019286002011,1.13836623529202,79.994,0.56,100.0
Qatar,QAT,2012,76.4724132962001,0.211888706229028,186833516483.516,4.73008513739958,108470.387023229,29.2738731373351,2.31534853431661,80.499,0.48,105.0
Qatar,QAT,2013,72.7177968643942,-0.422882374002756,198727747252.747,5.55610364218512,103697.062789144,29.6653575146295,3.22197756829293,80.974,0.28,80.0
Qatar,QAT,2014,67.9980763543451,0.504490726802349,206224725274.725,5.33434159770252,95840.6898934238,31.0362375409308,3.34972085659523,81.395,0.2,75.0
Qatar,QAT,2015,57.0615202477184,0.662099797361452,161739835164.835,4.75332372902957,68985.2433380102,36.6461536893634,1.8140772393776,81.785,0.17,70.0
Qatar,QAT,2016,47.71385375834,0.510044269018025,151732142857.143,3.06410503214877,61253.6217997091,41.8337693846697,2.6765917009819,82.147,0.15,65.0
Qatar,QAT,2017,52.8894050317104,0.612038519716031,161099175824.176,-1.49756209084892,63279.8767486216,38.6051524468751,0.394878914083005,82.458,0.14,60.0
Qatar,QAT,2018,55.9417987832289,-1.19249557946474,183335164835.165,1.23483197031548,71039.9308240078,35.896544490065,0.255815382724408,82.714,0.11,55.0
Qatar,QAT,2019,52.1888123216489,-1.59472392179342,176371428571.429,0.688255893930972,66841.3623185691,37.857481090107,-0.666641124861147,82.945,0.1,50.0
Qatar,QAT,2020,49.1188186996108,-1.68550654608129,144411538461.538,-3.55750284254954,51683.5681078949,40.9001670287525,-2.5403150300476,80.409,0.14,45.0
Qatar,QAT,2021,58.7259734800718,-0.608353395238639,179732142857.143,1.62693587314129,71751.9363398856,34.0531162826245,2.30446565742003,81.083,0.14,70.0
Qatar,QAT,2022,68.5984088244276,0.0322850595933247,235709340659.341,4.18497018544697,88701.4689763536,31.6152320211846,4.99527553740761,81.857,0.13,75.0
Qatar,QAT,2023,,-0.21820397647038,217308516483.516,1.53979117720789,81816.9797967481,,3.02764899198902,82.368,0.13,80.0
Qatar,QAT,2024,,0.209965001654649,219162637362.637,2.35970586926597,76688.6941743178,,1.26734310292375,,0.13,85.0
Saudi Arabia,SAU,1990,40.334827762329,1.5823604411403,117630173564.753,9.4260985412794,11054.7495049666,31.3732478292946,2.0771513353116,68.874,,23.0
Saudi Arabia,SAU,1991,38.3083994377757,0.121007480168667,132223230974.633,8.22077074524385,11847.1699534218,36.390899397386,4.86111111111135,69.341,7.316,20.0
Saudi Arabia,SAU,1992,39.1068068578908,-0.0575786497959332,137087850467.29,4.58058206179402,11730.2687665244,35.9852277198409,-0.0770060064690784,69.799,7.2,18.0
Saudi Arabia,SAU,1993,34.3528159609611,1.02821764581848,132967957276.368,0.379835927354492,10884.8607880777,33.4541584247889,1.05579531442695,70.208,7.002,19.0
Saudi Arabia,SAU,1994,34.0009481856073,0.258430621127419,135174899866.489,0.952965973086691,10601.9196697805,26.0703632736108,0.564325478533135,70.587,6.733,25.0
Saudi Arabia,SAU,1995,37.3378413620953,-1.30781764216435,143343124165.554,0.311708028499027,10786.4008952769,27.7038858462799,4.86843103056028,70.944,6.365,20.0
Saudi Arabia,SAU,1996,40.0228209447804,-0.710606970934706,158662483311.081,3.30468254228352,11471.5045960191,26.6309991231776,1.22206054877769,71.288,5.804,18.0
Saudi Arabia,SAU,1997,39.1585979206286,1.83140466437341,165963684913.218,2.64731939948642,11545.3455998551,26.0294690234163,0.0571506050626109,71.624,5.283,25.0
Saudi Arabia,SAU,1998,29.6323817967762,2.91838054679437,146775466666.667,2.80381183998992,9836.05729768574,26.4560108137963,-0.371266751712053,71.957,4.752,27.0
Saudi Arabia,SAU,1999,34.6664709888381,-0.481664272911208,161717066666.667,-0.633393640920247,10452.1899400479,23.1795778305815,-1.333754896539,72.29,4.346,30.0
Saudi Arabia,SAU,2000,43.4052690306903,-0.9925690992161,189514933333.333,4.71813422138024,11714.5623675159,24.7611797698264,-1.1249983851764,72.607,4.57,35.0
Saudi Arabia,SAU,2001,39.633694222871,0.0106659367777141,184137600000.0,0.344593196175438,10805.311325122,23.9268894565803,-1.12094804896791,72.951,4.618,50.0
Saudi Arabia,SAU,2002,40.94880327191,-0.323899963714203,189605866666.667,-0.688390130317757,10586.0543471363,23.6439941380154,0.247186492339725,73.296,5.265,55.0
Saudi Arabia,SAU,2003,45.8541491871159,-0.271772775519938,215807733333.333,8.76873381743964,11487.220410693,23.977021521626,0.612195358172966,73.657,5.563,60.0
Saudi Arabia,SAU,2004,50.9853310838178,-0.129209725410009,258742133333.333,8.63100545880309,13154.4978989446,24.0975055731163,0.51550789776726,74.027,5.822,65.0
Saudi Arabia,SAU,2005,57.050742989557,1.33515850333851,328459608764.111,5.94489623934835,15975.7473782258,24.9033329514589,0.47923167163102,74.4,6.051,70.0
Saudi Arabia,SAU,2006,59.8319082445442,1.58553602335569,376900133511.348,3.31348473625901,17563.6145370639,30.1126964323542,2.20902314069639,74.762,6.254,75.0
Saudi Arabia,SAU,2007,59.9374401392842,1.48457884530209,415964509673.115,2.21365396372528,18596.1502627898,34.9258769574815,4.1678235843158,75.066,5.734,80.0
Saudi Arabia,SAU,2008,62.1115020331022,1.05925699592349,519796800000.0,6.2379875365458,22320.4888964331,33.9911288411164,9.87024816760269,75.301,5.085,85.0
Saudi Arabia,SAU,2009,47.0886206534391,0.10169038708409,429097866666.667,-1.06671711240203,17718.3911648365,37.7697209090451,5.0572227614833,75.447,5.377,90.0
Saudi Arabia,SAU,2010,49.5697145263124,0.923670092367435,528207466666.667,5.0395150823517,22028.3901426586,32.9799704964413,5.33941733020903,75.616,5.55,95.0
Saudi Arabia,SAU,2011,55.2733461365779,0.688133631504519,680660800000.0,11.758820686671,27126.7498747702,29.0860881073216,5.82621637394042,75.808,5.77,100.0
Saudi Arabia,SAU,2012,53.1198476436365,0.669626013751334,751921333333.333,5.76157382270968,28733.4375513452,28.6208309025235,2.86627029905053,76.09,5.622,105.0
Saudi Arabia,SAU,2013,50.3725164415794,0.437984195574321,769755733333.333,2.94563789152025,27865.465604962,29.8789849870989,3.51104209799857,76.517,5.6,80.0
Saudi Arabia,SAU,2014,45.0958458227862,0.191711517264834,787153066666.667,4.02467158380668,27805.4850319422,32.9042652949498,2.24185348779063,77.116,5.877,75.0
Saudi Arabia,SAU,2015,31.4401316153804,0.572622097928938,693414400000.0,4.65512316652699,23256.1549553531,35.6651376146789,1.22269318552337,77.776,5.6,70.0
Saudi Arabia,SAU,2016,29.1430897114591,3.18518611850268,689279466666.667,1.70404739202878,22267.7217050387,28.7785737995774,2.05347076823965,78.354,5.6,65.0
Saudi Arabia,SAU,2017,32.3625378991189,0.136801407151884,741266133333.333,1.18210705878283,23929.2907135982,27.169441258704,-0.834845735027246,78.721,5.89,60.0
Saudi Arabia,SAU,2018,35.5209831625769,1.36945683303735,886564800000.0,3.2269508901591,29360.0658968566,23.5819273071372,2.46594308994843,78.75,6.029,55.0
Saudi Arabia,SAU,2019,32.159204977113,0.346411455797861,888890133333.333,1.65158925617395,29566.7933827436,24.6346155115383,-1.1929864453332,78.313,5.636,50.0
Saudi Arabia,SAU,2020,23.8098115262185,0.211115523412857,767951200000.0,-3.80478901996312,24338.8307301067,23.7233476988295,3.37234961012303,77.596,7.66,45.0
Saudi Arabia,SAU,2021,29.1556614026837,2.8850612174452,982661066666.667,6.51959698325419,31920.7653655643,21.728264937195,3.06328988941548,77.089,6.621,70.0
Saudi Arabia,SAU,2022,35.9850098955522,2.1556449627378,1239075200000.0,12.0005874752929,38510.2276211037,20.839154879381,2.47407371925372,77.31,5.589,75.0
Saudi Arabia,SAU,2023,30.2425196271434,1.87131032249407,1218584533333.33,0.542592439393161,36156.848337701,23.9264922012249,2.32708518362699,78.732,4.008,80.0
Saudi Arabia,SAU,2024,29.1092122693749,1.72104243015611,1239804533333.33,1.99650173436159,35121.6628687742,25.5694929974983,1.68792112375809,,3.518,85.0
United Arab Emirates,ARE,1990,,-0.228435309603761,50701443748.2975,18.3279855336307,26709.993440327,,,71.074,,23.0
United Arab Emirates,ARE,1991,,0.0503179637301319,51552165622.4462,0.860081947717788,25690.9686321448,,,71.144,1.629,20.0
United Arab Emirates,ARE,1992,,0.239162943469002,54239171887.769,3.34494485849423,25648.2727760844,,,71.166,1.715,18.0
United Arab Emirates,ARE,1993,,0.72147194906954,55625170253.337,1.26119094566648,25032.7822702907,,,71.159,1.901,19.0
United Arab Emirates,ARE,1994,,0.105319789259975,59305093979.842,6.89614855343763,25472.6396578979,,,71.204,1.834,25.0
United Arab Emirates,ARE,1995,,0.608195467069962,65743666575.8649,6.68788645972636,27003.2006807782,,,71.392,1.8,20.0
United Arab Emirates,ARE,1996,,0.408474866706161,73571233996.1863,5.79840406919965,28323.1650870532,,,71.82,1.836,18.0
United Arab Emirates,ARE,1997,,0.294815985875101,78839008444.5655,8.19039864916886,27982.7957040564,,,72.559,1.906,25.0
United Arab Emirates,ARE,1998,,0.340485312002994,75674336283.1858,0.291994342094213,24889.4269192279,,,73.66,2.068,27.0
United Arab Emirates,ARE,1999,,-1.16683578609984,84445473110.9598,2.90221363963283,25855.8605046587,,,74.982,2.195,30.0
United Arab Emirates,ARE,2000,,-0.485281532912816,104337372362.151,10.8527042153779,29865.502347066,,,76.347,2.25,35.0
United Arab Emirates,ARE,2001,49.1592253276122,1.14589216998935,103311640571.818,1.39908503706683,27745.1708087672,40.7053546013305,,77.621,2.443,50.0
United Arab Emirates,ARE,2002,49.5033473840813,0.0867813662286139,109816201497.617,2.43345681089617,27753.6089526346,43.5683114306968,,78.721,2.659,55.0
United Arab Emirates,ARE,2003,55.9231992151745,3.42266271097113,124346358066.712,8.80054081355328,29659.5428567811,46.3769702756087,,79.6,2.903,60.0
United Arab Emirates,ARE,2004,63.5677298138648,6.76715211324682,147824370319.946,9.56643663767056,33376.7152295209,53.0548827099662,,80.272,2.965,65.0
United Arab Emirates,ARE,2005,67.5853113898841,6.03481604123485,180617467964.602,4.85514119553341,38719.3138307623,51.9675602523703,,80.779,3.12,70.0
United Arab Emirates,ARE,2006,68.6277976715135,5.76543753223521,222116541865.214,9.83731976924005,44342.6048322482,50.8428719062721,,81.155,2.964,75.0
United Arab Emirates,ARE,2007,72.3840975003088,5.50043971722883,257916133424.098,3.18439017324592,45854.7325158162,64.4140553654625,,81.438,2.934,80.0
United Arab Emirates,ARE,2008,78.86788870154,1.60487460715228,315474615738.598,3.19183627331763,50054.1700681803,69.6456553241827,12.2504202448139,81.591,2.818,85.0
United Arab Emirates,ARE,2009,79.6533178621862,0.447367365845778,253547358747.447,-5.24292190384988,37803.0663738777,73.8086264961866,1.5618131744907,81.679,2.932,90.0
United Arab Emirates,ARE,2010,77.4455343570214,2.85854032456409,307736419332.88,1.60285004671343,44795.2949302268,58.0401747714045,0.877983288285867,81.886,2.798,95.0
United Arab Emirates,ARE,2011,85.628648366152,1.938861867408,368881143635.126,6.73646786920814,51921.904511613,58.5481385028301,0.87734659568512,81.898,2.587,100.0
United Arab Emirates,ARE,2012,95.6008662534124,2.43554239157448,392793464942.138,4.6832657020049,53141.6124340099,61.036828248069,0.662268900269009,81.913,2.323,105.0
United Arab Emirates,ARE,2013,95.7551835445394,2.38382217021709,409632675289.313,4.91847806719888,53247.2409495441,61.6429004451015,1.1011183637571,81.95,2.125,80.0
United Arab Emirates,ARE,2014,94.773856080155,2.60546065371654,424935874744.724,4.63288144983127,52725.2358407934,64.7417589776089,2.34626865671643,81.99,1.999,75.0
United Arab Emirates,ARE,2015,93.8625430925095,2.23861395699196,381973042886.317,7.08767348587587,44910.334995523,70.4236396453939,4.06996608361593,82.076,1.793,70.0
United Arab Emirates,ARE,2016,94.4747534696859,2.51620200951453,381717086453.37,5.65793329224303,42721.0999383185,70.9202657048941,1.61748808904198,82.195,1.64,65.0
United Arab Emirates,ARE,2017,94.7373963619868,2.56696112401594,403365010211.028,-1.06137661464977,43733.6192287435,70.7391461078281,1.96682557818842,82.388,2.462,60.0
United Arab Emirates,ARE,2018,90.8429581255868,2.35729150002132,440560108917.631,1.53716683173516,47135.3591943971,63.9040468937061,3.06863379251997,82.449,2.236,55.0
United Arab Emirates,ARE,2019,93.3023091201398,4.11928564301823,433926208304.969,1.27134240761141,45938.6073581994,70.5198438247132,-1.93108114782173,82.596,2.331,50.0
United Arab Emirates,ARE,2020,98.0724675358339,5.56735507865122,357161878829.135,-8.69342617885171,37991.7492971665,83.2194206348057,-2.07940317940944,81.936,4.294,45.0
United Arab Emirates,ARE,2021,100.642574267637,4.89230472033291,422441388699.796,4.55278571242283,44118.5047192771,82.2667807989604,0.179935336174431,79.083,3.105,70.0
United Arab Emirates,ARE,2022,102.051988974133,4.44591399207935,511403403675.97,7.51448425801082,50759.7589231191,83.6896720086852,5.29122604376849,80.487,2.872,75.0
United Arab Emirates,ARE,2023,106.846139017261,5.87184069440898,522622191967.325,4.30118228020602,49850.6872175164,92.1988402202852,1.62670837213248,82.909,2.151,80.0
United Arab Emirates,ARE,2024,,8.26261712974626,552324846834.581,3.99180705485398,50273.5060469837,,1.66336510224894,,2.16,85.0
Yemen,YEM,1990,11.1683287149056,-1.03528825747847,12643821568.9626,,910.422465960748,16.4593375147001,,58.528,,23.0
Yemen,YEM,1991,17.6735906025027,1.9262967547067,14665445462.1149,6.29349385992927,1016.30223044813,30.2477687189154,36.0,58.805,8.428,20.0
Yemen,YEM,1992,16.2118280232925,3.99791369174564,17959367194.005,8.20759813722687,1198.13031674085,29.9385234501048,29.4117647058824,59.26,8.351,18.0
Yemen,YEM,1993,19.9268303333729,4.15424482588227,21736802664.4463,4.00196638126631,1396.61544419009,38.2135839024895,35.7522980164491,59.655,8.343,19.0
Yemen,YEM,1994,39.7771416939563,0.0563893329846604,28019483763.5304,6.72194912231696,1735.04419543214,29.1868986134306,49.3941553813254,59.828,8.34,25.0
Yemen,YEM,1995,45.4863396764508,-1.70126695121292,12796345679.0123,5.66937132228433,764.414656090937,41.9583523073717,55.0811068702292,60.532,8.988,20.0
Yemen,YEM,1996,38.5060950534404,-0.925161426893741,6496163615.66086,4.63496731668951,375.214994663363,47.4330123896573,30.7337332718043,60.884,9.585,18.0
Yemen,YEM,1997,36.2842007165864,-2.02535761463574,6838298530.54911,5.23111204040379,382.584928722421,43.8617879374615,2.17672667372646,61.34,10.223,25.0
Yemen,YEM,1998,26.5435324011994,-3.47032437981897,6322175565.94651,6.00669459871877,342.73940747773,46.1184661461243,5.9765085214186,61.788,10.828,27.0
Yemen,YEM,1999,34.8393536870397,-4.02653360193704,7639325295.88287,3.77553049612634,401.448141660801,37.1645740538569,8.66021949364346,62.275,11.46,30.0
Yemen,YEM,2000,41.4089049391351,0.066115307019514,9679316770.18633,6.1819155928913,493.235182634814,34.0299336999557,4.58999999999981,62.761,11.557,35.0
Yemen,YEM,2001,35.896925638093,1.57455746010621,9852990692.98714,3.80364587188127,487.141257946318,34.9954723389253,11.9115912929855,63.286,11.724,50.0
Yemen,YEM,2002,37.0011733396095,1.06889926368752,10693430511.4664,3.9352315052778,513.241486570603,37.7292825213112,12.2385339389711,63.807,11.839,55.0
Yemen,YEM,2003,36.4390068675114,-0.756584613746177,11777532662.0499,3.74739818489111,548.905883049973,37.9436097292984,10.8323607023242,64.407,12.014,60.0
Yemen,YEM,2004,36.3824952506154,1.03534601615477,13867634371.4773,3.972696401183,627.632023395762,35.4641787563049,12.5150951495207,64.881,12.131,65.0
Yemen,YEM,2005,40.8968195397165,-1.80531053584597,16731566717.1888,5.59174807563268,734.159908450927,35.8764661379255,11.8112639374949,65.356,12.213,70.0
Yemen,YEM,2006,41.2585503221131,5.88029989730047,19063143369.858,3.17040935922364,809.713127624703,40.8176123343005,10.8447986914257,65.8,12.349,75.0
Yemen,YEM,2007,35.9034235366601,4.23684804102557,21650528674.0933,3.33842795605096,890.305768114988,43.2199970509458,7.9051177898873,66.23,12.486,80.0
Yemen,YEM,2008,37.8369534951831,5.7769623200871,26910855807.288,3.64756947012633,1071.63583282105,43.4077653551109,18.9762574318076,66.609,12.656,85.0
Yemen,YEM,2009,28.3251581185683,0.51412085018398,25130278212.5575,3.86622951587742,969.243509864478,39.7462328959401,5.40776098077522,66.905,12.762,90.0
Yemen,YEM,2010,29.9950775630093,0.610357927076417,30906749533.221,7.70128607527964,1155.20305261418,34.3905592167085,11.1748338605044,67.223,12.777,95.0
Yemen,YEM,2011,30.3404241701511,-1.58233916831705,32726417878.391,-12.7148969035133,1186.47500581215,32.7190337847532,19.5435617131144,67.412,13.311,100.0
Yemen,YEM,2012,24.8637169658953,-0.0402221829314871,35401331609.5916,2.39299021364694,1245.05068272078,36.497920216673,9.88538714484871,67.569,13.473,105.0
Yemen,YEM,2013,22.3595984891919,-0.330496410064222,40415233436.1767,4.82351908493912,1378.75002954928,30.152279647517,10.9684421500198,67.961,13.673,80.0
Yemen,YEM,2014,21.4840870786547,-0.539237328374498,43228585321.3272,-0.188690241954504,1430.16420964026,26.7589534336227,8.10472583623915,68.003,13.467,75.0
Yemen,YEM,2015,9.05157754562319,-0.0363882528160336,42444490073.8555,-27.9945462502541,1362.1738120601,21.3160815388406,,66.761,17.9,70.0
Yemen,YEM,2016,4.80920276121921,-1.79131212045889,31317825274.1507,-9.37512379736752,975.359417003225,26.2723415296367,,67.105,18.42,65.0
Yemen,YEM,2017,9.68824758544873,-1.00531889341895,26842229044.5848,-5.07179568062152,811.165970405745,33.2816570867479,,67.12,18.611,60.0
Yemen,YEM,2018,8.75610238271449,-1.30563839823089,21606160663.0318,0.752447592962554,633.887202451545,47.3217203387932,,65.915,17.593,55.0
Yemen,YEM,2019,,,,,,,,66.567,17.213,50.0
Yemen,YEM,2020,,,,,,,,66.435,17.963,45.0
Yemen,YEM,2021,,,,,,,,66.019,18.312,70.0
Yemen,YEM,2022,,,,,,,,67.952,17.224,75.0
Yemen,YEM,2023,,,,,,,,69.295,16.944,80.0
Yemen,YEM,2024,,,,,,,,,16.97,85.0
